{
  "login": [
    {
      "username": "rahulkirar",
      "password": "rahul@123"
    }
  ],
  "restaurent": [
    {
      "id": 4,
      "name": "McDonal",
      "address": "Bhawar Kua",
      "rating": "4.5"
    },
    {
      "id": 5,
      "name": "Dominos",
      "address": "Saket",
      "rating": "4"
    },
    {
      "id": 6,
      "name": "Mahakhal Restautent",
      "address": "LIG",
      "rating": "3.5"
    },
    {
      "id": 7,
      "name": "22 North",
      "address": "Scheme 54",
      "rating": "3"
    }
  ]
}